Workbook

Sheet Data
A1: Vehicle production by country (number of vehicles)
A2: Source: OICA (International Organization of Motor Vehicle Manufacturers) production statistics, 2024 and 2025
A4: Country | B4: 2024 | C4: 2025
A5: China | B5: 31281592 | C5: 34530738
A6: United States | B6: 10562188 | C6: 10243844
A7: Japan | B7: 8234681 | C7: 8410232
A8: India | B8: 6014691 | C8: 6490810
A9: Germany | B9: 4069222 | C9: 4148836
A10: South Korea | B10: 4127252 | C10: 4102200
A11: Mexico | B11: 4202642 | C11: 4092448
A12: Brazil | B12: 2549595 | C12: 2644054
A13: Spain | B13: 2376504 | C13: 2274026
A14: France | B14: 1357701 | C14: 1463991
A15: World total | B15: 92504338 | C15: 96383650
A17: Blue numbers are typed in from the source. Everything on the other sheets is calculated with formulas.

Sheet Analysis
A1: Top 10 car-producing countries: growth and market share
A2: All cells are formulas that use the Data sheet.
A4: Country | B4: 2024 | C4: 2025 | D4: Change | E4: Growth % | F4: Share of world 2025 | G4: Rank 2025
A5: =Data!A5 -> China | B5: =Data!B5 -> 31281592 | C5: =Data!C5 -> 34530738 | D5: =C5-B5 -> 3249146 | E5: =D5/B5 -> 0.10386767 | F5: =C5/$C$16 -> 0.35826344 | G5: =RANK(C5,$C$5:$C$14) -> 1
A6: =Data!A6 -> United States | B6: =Data!B6 -> 10562188 | C6: =Data!C6 -> 10243844 | D6: =C6-B6 -> -318344 | E6: =D6/B6 -> -0.030139967 | F6: =C6/$C$16 -> 0.10628197 | G6: =RANK(C6,$C$5:$C$14) -> 2
A7: =Data!A7 -> Japan | B7: =Data!B7 -> 8234681 | C7: =Data!C7 -> 8410232 | D7: =C7-B7 -> 175551 | E7: =D7/B7 -> 0.021318494 | F7: =C7/$C$16 -> 0.08725787 | G7: =RANK(C7,$C$5:$C$14) -> 3
A8: =Data!A8 -> India | B8: =Data!B8 -> 6014691 | C8: =Data!C8 -> 6490810 | D8: =C8-B8 -> 476119 | E8: =D8/B8 -> 0.079159345 | F8: =C8/$C$16 -> 0.067343476 | G8: =RANK(C8,$C$5:$C$14) -> 4
A9: =Data!A9 -> Germany | B9: =Data!B9 -> 4069222 | C9: =Data!C9 -> 4148836 | D9: =C9-B9 -> 79614 | E9: =D9/B9 -> 0.019564919 | F9: =C9/$C$16 -> 0.043045019 | G9: =RANK(C9,$C$5:$C$14) -> 5
A10: =Data!A10 -> South Korea | B10: =Data!B10 -> 4127252 | C10: =Data!C10 -> 4102200 | D10: =C10-B10 -> -25052 | E10: =D10/B10 -> -0.0060698983 | F10: =C10/$C$16 -> 0.042561161 | G10: =RANK(C10,$C$5:$C$14) -> 6
A11: =Data!A11 -> Mexico | B11: =Data!B11 -> 4202642 | C11: =Data!C11 -> 4092448 | D11: =C11-B11 -> -110194 | E11: =D11/B11 -> -0.026220173 | F11: =C11/$C$16 -> 0.042459982 | G11: =RANK(C11,$C$5:$C$14) -> 7
A12: =Data!A12 -> Brazil | B12: =Data!B12 -> 2549595 | C12: =Data!C12 -> 2644054 | D12: =C12-B12 -> 94459 | E12: =D12/B12 -> 0.037048629 | F12: =C12/$C$16 -> 0.027432599 | G12: =RANK(C12,$C$5:$C$14) -> 8
A13: =Data!A13 -> Spain | B13: =Data!B13 -> 2376504 | C13: =Data!C13 -> 2274026 | D13: =C13-B13 -> -102478 | E13: =D13/B13 -> -0.043121324 | F13: =C13/$C$16 -> 0.023593483 | G13: =RANK(C13,$C$5:$C$14) -> 9
A14: =Data!A14 -> France | B14: =Data!B14 -> 1357701 | C14: =Data!C14 -> 1463991 | D14: =C14-B14 -> 106290 | E14: =D14/B14 -> 0.078286751 | F14: =C14/$C$16 -> 0.015189205 | G14: =RANK(C14,$C$5:$C$14) -> 10
A15: Top 10 total | B15: =SUM(B5:B14) -> 74776068 | C15: =SUM(C5:C14) -> 78401179 | D15: =SUM(D5:D14) -> 3625111 | E15: =D15/B15 -> 0.048479562 | F15: =C15/C16 -> 0.8134282
A16: World total | B16: =Data!B15 -> 92504338 | C16: =Data!C15 -> 96383650 | D16: =C16-B16 -> 3879312 | E16: =D16/B16 -> 0.041936541 | F16: =C16/C16 -> 1
A19: Quick facts
A20: Average growth of the top 10 | C20: =AVERAGE(E5:E14) -> 0.023369444
A21: Highest growth | C21: =MAX(E5:E14) -> 0.10386767
A22: Country with highest growth | C22: =INDEX(A5:A14,MATCH(MAX(E5:E14),E5:E14,0)) -> China
A23: Lowest growth | C23: =MIN(E5:E14) -> -0.043121324
A24: Country with lowest growth | C24: =INDEX(A5:A14,MATCH(MIN(E5:E14),E5:E14,0)) -> Spain
A25: Number of countries that grew | C25: =COUNTIF(E5:E14,">0") -> 6
A26: China's share of world production | C26: =F5 -> 0.35826344

Sheet Royalty_Estimate
A1: How much could carmakers pay for 4G/5G patents in one year? (2025, simple estimate)
A2: Illustrative estimate using public patent-pool prices. Not based on any company's confidential licence terms.
A4: Step 1: Assumptions (you can change the yellow cells)
A5: Assumption | B5: Value | C5: Source
A6: Cars produced worldwide, 2025 | B6: =Data!C15 -> 96383650 | C6: OICA (from Data sheet)
A7: Share of new cars that are connected | B7: 0.75 | C7: Counterpoint Research: 75% of cars sold in 2024 had built-in cellular connection
A8: Share of connected cars with 5G | B8: 0.1 | C8: My assumption: 5G is still new in cars (Counterpoint: over 96% were 4G in 2023)
A9: Patent fee per 4G car ($) | B9: 20 | C9: Avanci 4G vehicle program (public price)
A10: Patent fee per 5G car ($) | B10: 32 | C10: Avanci 5G vehicle program (public price)
A12: Step 2: Calculation
A13: Item | B13: Value | C13: Formula in words
A14: Connected cars | B14: =B6*B7 -> 72287738 | C14: cars x connected share
A15: 5G cars | B15: =B14*B8 -> 7228773.8 | C15: connected cars x 5G share
A16: 4G cars | B16: =B14-B15 -> 65058964 | C16: connected cars - 5G cars
A17: Fees from 4G cars ($) | B17: =B16*B9 -> 1301179275 | C17: 4G cars x $20
A18: Fees from 5G cars ($) | B18: =B15*B10 -> 231320760 | C18: 5G cars x $32
A19: Total patent fees ($) | B19: =B17+B18 -> 1532500035 | C19: 4G fees + 5G fees
A20: Total patent fees ($ billion) | B20: =B19/1000000000 -> 1.5325 | C20: total / 1,000,000,000
A22: Step 3: What if more cars had 5G?
A23: 5G share of connected cars | B23: Total fees ($ billion) | C23: Increase vs. today's estimate
A24: 0.1 | B24: =$B$14*((1-A24)*$B$9+A24*$B$10)/1000000000 -> 1.5325 | C24: =B24/$B$20-1 -> 0
A25: 0.25 | B25: =$B$14*((1-A25)*$B$9+A25*$B$10)/1000000000 -> 1.662618 | C25: =B25/$B$20-1 -> 0.08490566
A26: 0.5 | B26: =$B$14*((1-A26)*$B$9+A26*$B$10)/1000000000 -> 1.8794812 | C26: =B26/$B$20-1 -> 0.22641509
A27: 0.75 | B27: =$B$14*((1-A27)*$B$9+A27*$B$10)/1000000000 -> 2.0963444 | C27: =B27/$B$20-1 -> 0.36792453
A28: 1 | B28: =$B$14*((1-A28)*$B$9+A28*$B$10)/1000000000 -> 2.3132076 | C28: =B28/$B$20-1 -> 0.50943396
A30: Takeaway: as cars move from 4G to 5G, the fee per car rises from $20 to $32, so the total grows even if car sales stay flat.

Sheet Charts
A1: Charts
